# Evento: 04-07-2026 21:41:33;Near Miss;Ondulatore;Maschio;18-30 anni;02-07-2026;In Azienda;Ondulatore;6-12;3;Pavimento bagnato e scivoloso nell'area dell'ondulatore. Elevata umidità vicino all'ondulatore.;immagini_near_miss/NM_20260704_214133.png;Presenza imprevista liquidi;Sì raramente;tbc;In attesa di firma
# Azioni Immediate:
aSGVAF

# Tipologie Intervento:
Tipologia d'azione,Descrizione
Tecnico,A<FA
Formazione/Addestramento,RGetgbfdv

# Follow Up:
Azioni di miglioramento (correttive o preventive),Responsabile attuazione,Accountable Attuazione,Entro il,Firma presa in carico,Data attuazione,Verifica attuazione Data,Verifica attuazione Firma
,,,2026-08-05 08:45:15.495598,,2026-08-05 08:45:15.495607,2026-08-05 08:45:15.495610,
