# Evento Collegato:  Criticità su impianti generali a supporto dell'area di lavoro;;Sì raramente;Sì;Manutenzione a guasto;Sì; (manutenzione)
# Azioni Immediate:
wagrqqtwf

# Tipologie Intervento:
Tipologia d'azione,Descrizione
Tecnico,FErqgqr
Formazione/Addestramento,qegvwtrfb
Definizione/revisione delle procedure e istruzioni lavorative,qwgwrg

# Follow Up:
Azioni di miglioramento (correttive o preventive),Responsabile attuazione,Accountable Attuazione,Entro il,Firma presa in carico,Data attuazione,Verifica attuazione Data,Verifica attuazione Firma
Modificare il sistema elettrico,Tizio,Caglio,2026-08-05,Tizio,2026-08-07,2026-08-23,Caglio
