# Evento Collegato: AN - 2026-09-21 10:38:40 - 31/07/2026 | NM_Manutenzione | Mario Rossi
# Azioni Immediate:
Interruzione dell'attività del riparto stampa

# Tipologie Intervento:
Tipologia d'azione,Descrizione
Tecnico,Ricambio del fusibile guasto.

# Follow Up:
Azioni di miglioramento (correttive o preventive),Responsabile attuazione,Accountable Attuazione,Entro il,Firma presa in carico,Data attuazione,Verifica attuazione Data,Verifica attuazione Firma
Cambio del fusibile guasto e controllo degli altri fusibile. Così come gli impianti elettrici di tutti i reparti.,Responsabile manutenzione,RSSSL,2026-09-21,Responsabile manutenzione,2026-09-21,2026-09-21,Responsabile manutenzione
