# Evento: 31-07-2026 10:58:41;Near Miss;Anonimo;Femmina;51-67 anni;31/07/2026;In Azienda;Portineria;12-18;N/D;Scafale archivio protocollo ddt in entrata innestabile. C'è rischio che si rivalti.;Nessuna;Altro: Usura mobile;No;;Da firmare (segnalazione)
# Azioni Immediate:
awgvrfbfec

# Tipologie Intervento:
Tipologia d'azione,Descrizione
Tecnico,adgbrg
Formazione/Addestramento,adfarga
"Verifica applicazione procedure, istruzioni, comportamenti",rfgwt6het

# Follow Up:
Azioni di miglioramento (correttive o preventive),Responsabile attuazione,Accountable Attuazione,Entro il,Firma presa in carico,Data attuazione,Verifica attuazione Data,Verifica attuazione Firma
Cambiare scafale ddt,Mario Rossi,Luigi Verde,2026-08-05,Mario Rossi,2026-08-05,2026-08-05,Luigi Verde
